{"stats":{"minecraft:custom":{"minecraft:time_since_rest":118853,"minecraft:play_time":118853,"minecraft:crouch_one_cm":3559,"minecraft:sprint_one_cm":13720,"minecraft:damage_taken":220,"minecraft:walk_one_cm":13320,"minecraft:sneak_time":1060,"minecraft:mob_kills":1,"minecraft:jump":196,"minecraft:damage_dealt":272,"minecraft:leave_game":1,"minecraft:time_since_death":118853,"minecraft:walk_on_water_one_cm":22,"minecraft:total_world_time":118853,"minecraft:fall_one_cm":5338,"minecraft:fly_one_cm":20558},"minecraft:picked_up":{"minecraft:oak_sapling":1,"minecraft:dirt":45,"minecraft:string":1},"minecraft:used":{"minecraft:dirt":45},"minecraft:mined":{"minecraft:grass":17,"minecraft:grass_block":28,"minecraft:dirt":19,"minecraft:oak_leaves":19},"minecraft:killed":{"minecraft:spider":1}},"DataVersion":3120}