{"stats":{"minecraft:custom":{"minecraft:jump":158,"minecraft:time_since_rest":114585,"minecraft:walk_on_water_one_cm":22,"minecraft:crouch_one_cm":3559,"minecraft:sprint_one_cm":13720,"minecraft:play_time":114585,"minecraft:damage_taken":140,"minecraft:time_since_death":114585,"minecraft:walk_one_cm":8695,"minecraft:sneak_time":1056,"minecraft:total_world_time":114585,"minecraft:fall_one_cm":5338,"minecraft:fly_one_cm":19881},"minecraft:picked_up":{"minecraft:oak_sapling":1,"minecraft:dirt":45},"minecraft:used":{"minecraft:dirt":45},"minecraft:mined":{"minecraft:grass":15,"minecraft:grass_block":28,"minecraft:oak_leaves":19,"minecraft:dirt":19}},"DataVersion":3120}