{"stats":{"minecraft:custom":{"minecraft:jump":33,"minecraft:time_since_rest":585,"minecraft:crouch_one_cm":133,"minecraft:sprint_one_cm":3302,"minecraft:play_time":585,"minecraft:damage_taken":10,"minecraft:time_since_death":585,"minecraft:walk_one_cm":500,"minecraft:sneak_time":63,"minecraft:total_world_time":585,"minecraft:fall_one_cm":546,"minecraft:fly_one_cm":3817},"minecraft:picked_up":{"minecraft:dirt":4},"minecraft:used":{"minecraft:dirt":4},"minecraft:mined":{"minecraft:grass_block":3,"minecraft:dirt":2}},"DataVersion":3120}