{"stats":{"minecraft:custom":{"minecraft:jump":138,"minecraft:time_since_rest":78585,"minecraft:crouch_one_cm":1415,"minecraft:sprint_one_cm":13720,"minecraft:play_time":78585,"minecraft:damage_taken":140,"minecraft:time_since_death":78585,"minecraft:walk_one_cm":2051,"minecraft:sneak_time":539,"minecraft:total_world_time":78585,"minecraft:fall_one_cm":5129,"minecraft:fly_one_cm":19881},"minecraft:picked_up":{"minecraft:oak_sapling":1,"minecraft:dirt":14},"minecraft:used":{"minecraft:dirt":14},"minecraft:mined":{"minecraft:grass":15,"minecraft:grass_block":9,"minecraft:oak_leaves":19,"minecraft:dirt":7}},"DataVersion":3120}